Workbook

Sheet 说明
B2: 鸟钟 · 素材表 & 宣传镜头清单
B3: 只做记录与存档，不实现贴图或新功能。黄色 + 蓝字是填写格。黑色是固定说明或公式。
B5: 怎么填
B6: 项目 | C6: 说明
B7: 黄色格子 | C7: 你改这里：状态、路径、日期、备注。不要改编号列，方便和镜头表互相引用。
B8: 优先级 | C8: P0 = 作业短视频 / 现有可玩。P1 = 第一批美术与故事。P2 = 节日、金字塔、半截障碍、道具。
B9: 状态（素材） | C9: 未开始 / 草稿 / 已有贴图 / 已接入 / 暂缓。代码占位算「已接入」，还没有图。
B10: 状态（镜头） | C10: 未拍 / 已拍 / 已选用 / 不需要。作业先拍 P0；宣传片等项目完成后再补。
B11: 碰撞形状 | C11: 皮肤共用形状，不要每张节日图重标。挂饰默认「无碰撞装饰」。
B12: 空白行 | C12: 两张表底部留了空行，新季节/节日直接往下加编号即可。
B13: 进度表 | C13: 自动统计未完成数量，供赶工时看还剩什么。
B15: 填写格式示例（不要删，对照这一行写）
B16: 编号 | C16: 名称 | D16: 状态 | E16: 文件路径 | F16: 备注
B17: O05 | C17: 圣诞树 | D17: 草稿 | E17: assets/trees/xmas.png | F17: 三角朝上；灯只画不撞
B18: 路径先随便定一个相对目录即可，例如 assets/trees/。没有文件时路径留空，状态保持「未开始」。
B20: 碰撞形状词典（障碍按类型共用，不按每张贴图标点）
B21: 形状名 | C21: 对应 gap / 几何 | D21: 典型皮肤 | E21: AI 安全区
B22: 矩形柱双缺口 | C22: 现有 x、width、gap_bottom、gap_top；上下都有实体 | D22: 四季树干、默认管道 | E22: 整段宽度内安全高度不变
B23: 仅下半 | C23: gap_top = 屏顶（或无穷大） | D23: 土坡、矮墙、金字塔底座 | E23: 安全区从实体顶到屏顶
B24: 仅上半 | C24: gap_bottom = 0 | D24: 倒挂树枝、钟乳的矩形近似 | E24: 安全区从 0 到实体底
B25: 三角朝上 | C25: 底边矩形 + 两条斜边；尖在上 | D25: 金字塔、地上圣诞树 | E25: safe_y_range(x) 随 x 变窄
B26: 三角朝下 | C26: 尖在下的对称形状 | D26: 倒挂冰锥、倒挂树冠 | E26: 同上，方向相反
B27: 无碰撞装饰 | C27: 只画不撞，可伸出缺口 | D27: 叶子、灯、雪、远景、HUD | E27: AI 忽略
B28: 鸟矩形 | C28: 轴对齐小矩形，可略小于精灵 | D28: 鸟占位 / 以后的鸟图 | E28: —
B30: 作业短视频 vs 宣传片
B31: Lab 2 Part 2 要求交一段 PiClock 实物视频：优先拍宣传镜头表里「用途=作业提交」且「优先级=P0」的镜头（V01–V06、V09、V17），拼成一条短片即可。宣传片等玩法+皮肤做完再按镜号补拍，文件名建议与镜号一致，例如 V02_idle.mp4，填进「存档文件名」。

Sheet 素材表
A1: 编号 | B1: 类别 | C1: 名称 | D1: 季节或节日 | E1: 碰撞形状 | F1: 用途 | G1: 优先级 | H1: 状态 | I1: 文件路径 | J1: 关联镜头 | K1: 备注
A2: A01 | B2: 角色 | C2: 鸟（占位方块） | D2: 通用 | E2: 鸟矩形 | F2: 当前 8×8 矩形；以后换精灵时碰撞可略小于贴图，不必描翅膀 | G2: P0 | H2: 已接入 | J2: V02 V03 V04
A3: A02 | B3: 障碍 | C3: 双端管道 / 树干 | D3: 通用 | E3: 矩形柱双缺口 | F3: 现有玩法碰撞：左右宽度 + gap_bottom / gap_top。季节树默认共用这一份几何 | G3: P0 | H3: 已接入 | J3: V02 V05
A4: A03 | B4: 背景 | C4: 纯色天空 | D4: 通用 | E4: 无碰撞装饰 | F4: 当前整屏背景色；之后被季节天空替换 | G4: P0 | H4: 已接入 | J4: V02
A5: A04 | B5: HUD | C5: IDLE / 分数 / 按键提示 | D5: 通用 | E5: 无碰撞装饰 | F5: IDLE 分、局内分、Best、A start / B flap 提示 | G5: P0 | H5: 已接入 | J5: V06
A6: A05 | B6: 角色 | C6: 死亡着色 | D6: 通用 | E6: 鸟矩形 | F6: 坠落时换色，碰撞体不变 | G6: P0 | H6: 已接入 | J6: V05
A7: B01 | B7: 背景 | C7: 春天空 | D7: 春 | E7: 无碰撞装饰 | F7: 远景层，不参与碰撞 | G7: P1 | H7: 未开始 | J7: V10
A8: B02 | B8: 背景 | C8: 夏天空 | D8: 夏 | E8: 无碰撞装饰 | F8: 远景层，不参与碰撞 | G8: P1 | H8: 未开始 | J8: V10
A9: B03 | B9: 背景 | C9: 秋天空 | D9: 秋 | E9: 无碰撞装饰 | F9: 远景层，不参与碰撞 | G9: P1 | H9: 未开始 | J9: V10
A10: B04 | B10: 背景 | C10: 冬天空 | D10: 冬 | E10: 无碰撞装饰 | F10: 远景层，不参与碰撞 | G10: P1 | H10: 未开始 | J10: V10
A11: B05 | B11: 背景 | C11: 昼夜 / 时刻天空 | D11: 按时钟 | E11: 无碰撞装饰 | F11: config 里已留：按 wall-clock 换调色，不改手感 | G11: P2 | H11: 未开始 | J11: V15
A12: B06 | B12: 装饰 | C12: 地面条 | D12: 通用 | E12: 无碰撞装饰 | F12: 屏幕底一窄条地面，默认不撞；若要撞再改「仅下半」 | G12: P1 | H12: 未开始 | J12: V10
A13: B07 | B13: 装饰 | C13: 远景树 | D13: 随季节 | E13: 无碰撞装饰 | F13: 比碰撞柱更靠后、更大，只烘托季节 | G13: P1 | H13: 未开始 | J13: V10
... A31: U01 | B31: 音效 | C31: 扇翅 / 得分 / 撞树 | D31: 通用 | E31: 无碰撞装饰 | F31: 有空再加；宣传片可后期配乐代替 | G31: P2 | H31: 暂缓 | J31: V20

Sheet 宣传镜头
A1: 镜号 | B1: 用途 | C1: 优先级 | D1: 展示功能 | E1: 画面内容（拍什么） | F1: 机位 | G1: 建议秒数 | H1: 需要素材编号 | I1: 依赖功能 | J1: 状态 | K1: 存档文件名 | L1: 拍摄日期 | M1: 备注
A2: V01 | B2: 作业提交 | C2: P0 | D2: 整机硬件 | E2: Pi 5 + Mini PiTFT + 两颗按钮，能看清接线/屏幕朝向 | F2: 整机斜 45° | G2: 5 | H2: — | I2: hardware 后端（非 desktop） | J2: 未拍
A3: V02 | B3: 作业提交 | C3: P0 | D3: IDLE 自动驾驶 | E3: 无人按键时鸟自己穿缺口，HUD 显示 IDLE | F3: 屏幕特写 | G3: 8 | H3: A01 A02 A04 | I3: auto_pilot | J3: 未拍
A4: V03 | B4: 作业提交 | C4: P0 | D4: A 键开始 | E4: 按上键（GPIO 23）从 IDLE 进入游玩 | F4: 手部 + 屏幕 | G4: 4 | H4: A04 | I4: button A | J4: 未拍
A5: V04 | B5: 作业提交 | C5: P0 | D5: 按住 B 扇翅 | E5: 按下键（GPIO 24）上升，松开下落 | F5: 手部 + 屏幕 | G5: 6 | H5: A01 | I5: hold-to-flap | J5: 未拍
A6: V05 | B6: 作业提交 | C6: P0 | D6: 死亡再回 IDLE | E6: 撞柱坠落、等待、回 IDLE 或 A 重开 | F6: 屏幕特写 | G6: 10 | H6: A02 A05 | I6: death wait | J6: 未拍
A7: V06 | B7: 作业提交 | C7: P0 | D7: 分数 / Best | E7: 局内分上涨、Best 保留 | F7: 屏幕特写 | G7: 4 | H7: A04 | I7: score.py | J7: 未拍
A8: V07 | B8: 备选 | C8: P1 | D8: 桌面模拟 | E8: 电脑 tkinter 窗口同款画面，证明可离机调试 | F8: 笔记本屏幕 | G8: 5 | H8: A01 A02 | I8: desktop.py | J8: 未拍
A9: V08 | B9: 宣传片 | C9: P1 | D9: 竖向环绕 | E9: 鸟从屏顶穿到屏底（未死亡时 wrap） | F9: 屏幕特写 | G9: 5 | H9: A01 | I9: vertical_wrap | J9: 未拍
A10: V09 | B10: 作业提交 | C10: P0 | D10: 按钮特写 | E10: 手指点两颗键，切到屏幕反应 | F10: 手部特写 | G10: 4 | H10: — | I10: Pi 实物 | J10: 未拍
A11: V10 | B11: 宣传片 | C11: P1 | D11: 四季换装 | E11: 同一套飞行，树和天空按春夏秋冬切换 | F11: 屏幕蒙太奇 | G11: 10 | H11: B01–B04 O01–O04 B07 | I11: 季节皮肤 | J11: 未拍
A12: V11 | B12: 宣传片 | C12: P2 | D12: 金字塔斜边 | E12: 鸟贴着斜面穿过，不要撞到空气矩形 | F12: 屏幕特写 | G12: 6 | H12: O06 | I12: 三角朝上碰撞 | J12: 未拍
A13: V12 | B13: 宣传片 | C13: P2 | D13: 半截障碍 | E13: 先从土坡上方飞过，再从倒挂障碍下方钻过 | F13: 屏幕特写 | G13: 8 | H13: O07 O08 | I13: 仅上半 / 仅下半 | J13: 未拍
... A19: V20 | B19: 宣传片 | C19: P1 | D19: 片头片尾 | E19: 标题、制作说明、AI/合作致谢（作业要求写明） | F19: 后期 | G19: 8 | H19: S01 U01 | I19: 成片剪辑 | J19: 未拍

Sheet 进度
B2: 还剩多少（公式，勿手改数字）
B3: 改「素材表」「宣传镜头」的状态列后，这里会跟着变。空白行状态为空，不计入。
B5: 项目 | C5: 未开始或未拍 | D5: 进行中 / 已拍 | E5: 完成（已接入或已选用） | F5: 暂缓或不需要 | G5: 合计有编号的行
B6: 素材 | C6: =COUNTIF(素材表!H:H,"未开始") | D6: =COUNTIF(素材表!H:H,"草稿")+COUNTIF(素材表!H:H,"已有贴图") | E6: =COUNTIF(素材表!H:H,"已接入") | F6: =COUNTIF(素材表!H:H,"暂缓") | G6: =COUNTA(素材表!A:A)-1
B7: 镜头 | C7: =COUNTIF(宣传镜头!J:J,"未拍") | D7: =COUNTIF(宣传镜头!J:J,"已拍") | E7: =COUNTIF(宣传镜头!J:J,"已选用") | F7: =COUNTIF(宣传镜头!J:J,"不需要") | G7: =COUNTA(宣传镜头!A:A)-1
B8: 作业提交镜头（未拍） | C8: =COUNTIFS(宣传镜头!B:B,"作业提交",宣传镜头!J:J,"未拍") | D8: =COUNTIFS(宣传镜头!B:B,"作业提交",宣传镜头!J:J,"已拍") | E8: =COUNTIFS(宣传镜头!B:B,"作业提交",宣传镜头!J:J,"已选用") | F8: =COUNTIFS(宣传镜头!B:B,"作业提交",宣传镜头!J:J,"不需要") | G8: =COUNTIF(宣传镜头!B:B,"作业提交")
B9: P0 素材未接入 | C9: =COUNTIFS(素材表!G:G,"P0",素材表!H:H,"未开始") | D9: =COUNTIFS(素材表!G:G,"P0",素材表!H:H,"草稿")+COUNTIFS(素材表!G:G,"P0",素材表!H:H,"已有贴图") | E9: =COUNTIFS(素材表!G:G,"P0",素材表!H:H,"已接入") | F9: =COUNTIFS(素材表!G:G,"P0",素材表!H:H,"暂缓") | G9: =COUNTIF(素材表!G:G,"P0")
B10: P1 美术 / 故事 | C10: =COUNTIFS(素材表!G:G,"P1",素材表!H:H,"未开始") | D10: =COUNTIFS(素材表!G:G,"P1",素材表!H:H,"草稿")+COUNTIFS(素材表!G:G,"P1",素材表!H:H,"已有贴图") | E10: =COUNTIFS(素材表!G:G,"P1",素材表!H:H,"已接入") | F10: =COUNTIFS(素材表!G:G,"P1",素材表!H:H,"暂缓") | G10: =COUNTIF(素材表!G:G,"P1")
B11: P2 节日 / 斜边 / 道具 | C11: =COUNTIFS(素材表!G:G,"P2",素材表!H:H,"未开始") | D11: =COUNTIFS(素材表!G:G,"P2",素材表!H:H,"草稿")+COUNTIFS(素材表!G:G,"P2",素材表!H:H,"已有贴图") | E11: =COUNTIFS(素材表!G:G,"P2",素材表!H:H,"已接入") | F11: =COUNTIFS(素材表!G:G,"P2",素材表!H:H,"暂缓") | G11: =COUNTIF(素材表!G:G,"P2")
B13: 赶工看这两格
B14: 作业短视频还没拍完的镜数 | C14: =C8+D8
B15: P0 以外还没接入的素材（P1+P2 的未开始+进行中） | C15: =C10+D10+C11+D11
B17: COUNTA 会计入空行吗？
B18: 「合计有编号的行」用 COUNTA(编号列)，空行没有编号，不计入。状态计数只看填了状态的单元格。底部空行请保持编号为空，直到你真正新增一条素材或镜头。作业短视频还没拍完 = 作业提交里状态为「未拍」+「已拍」（已拍未选用也算还要处理）。
